dataset,design,error,exact_result,filename,mean_approx_result,query,result_size,sampling_rate,selectivity
uniform,SdWithRedundancy,0.542,108609017910,SdWithRedundancy_03-samplingRate1.00pc.log,108582121263,3,1005,1,-1
uniform,SdWithRedundancy,0.377,108609017910,SdWithRedundancy_03-samplingRate2.00pc.log,108618406576,3,1005,2,-1
uniform,SdWithRedundancy,0.234,108609017910,SdWithRedundancy_03-samplingRate5.00pc.log,108598959149,3,1005,5,-1
uniform,SdWithRedundancy,0.161,108609017910,SdWithRedundancy_03-samplingRate10.0pc.log,108607969027,3,1005,10,-1
uniform,SdWithRedundancy,0.106,108609017910,SdWithRedundancy_03-samplingRate20.0pc.log,108608180537,3,1005,20,-1
uniform,SdWithRedundancy,0.055,108609017910,SdWithRedundancy_03-samplingRate50.0pc.log,108607107464,3,1005,50,-1
uniform,SdWithRedundancy,0.845,42558390697,SdWithRedundancy_Selectivity01_03-samplingRate1.00pc.log,42554451190,3,1005,1,1
uniform,SdWithRedundancy,0.603,42558390697,SdWithRedundancy_Selectivity01_03-samplingRate2.00pc.log,42560361703,3,1005,2,1
uniform,SdWithRedundancy,0.370,42558390697,SdWithRedundancy_Selectivity01_03-samplingRate5.00pc.log,42558834799,3,1005,5,1
uniform,SdWithRedundancy,0.254,42558390697,SdWithRedundancy_Selectivity01_03-samplingRate10.0pc.log,42557163550,3,1005,10,1
uniform,SdWithRedundancy,0.174,42558390697,SdWithRedundancy_Selectivity01_03-samplingRate20.0pc.log,42557273258,3,1005,20,1
uniform,SdWithRedundancy,0.087,42558390697,SdWithRedundancy_Selectivity01_03-samplingRate50.0pc.log,42558021799,3,1005,50,1
uniform,SdWithRedundancy,0.588,86336968850,SdWithRedundancy_Selectivity02_03-samplingRate1.00pc.log,86345169476,3,1005,1,2
uniform,SdWithRedundancy,0.423,86336968850,SdWithRedundancy_Selectivity02_03-samplingRate2.00pc.log,86350187852,3,1005,2,2
uniform,SdWithRedundancy,0.274,86336968850,SdWithRedundancy_Selectivity02_03-samplingRate5.00pc.log,86333839594,3,1005,5,2
uniform,SdWithRedundancy,0.178,86336968850,SdWithRedundancy_Selectivity02_03-samplingRate10.0pc.log,86339611125,3,1005,10,2
uniform,SdWithRedundancy,0.120,86336968850,SdWithRedundancy_Selectivity02_03-samplingRate20.0pc.log,86337257690,3,1005,20,2
uniform,SdWithRedundancy,0.061,86336968850,SdWithRedundancy_Selectivity02_03-samplingRate50.0pc.log,86340045450,3,1005,50,2
uniform,SdWithRedundancy,0.560,108817825831,SdWithRedundancy_Selectivity05_03-samplingRate1.00pc.log,108862844766,3,1005,1,5
uniform,SdWithRedundancy,0.370,108817825831,SdWithRedundancy_Selectivity05_03-samplingRate2.00pc.log,108817843326,3,1005,2,5
uniform,SdWithRedundancy,0.236,108817825831,SdWithRedundancy_Selectivity05_03-samplingRate5.00pc.log,108829426281,3,1005,5,5
uniform,SdWithRedundancy,0.164,108817825831,SdWithRedundancy_Selectivity05_03-samplingRate10.0pc.log,108809059597,3,1005,10,5
uniform,SdWithRedundancy,0.105,108817825831,SdWithRedundancy_Selectivity05_03-samplingRate20.0pc.log,108820973334,3,1005,20,5
uniform,SdWithRedundancy,0.052,108817825831,SdWithRedundancy_Selectivity05_03-samplingRate50.0pc.log,108813157682,3,1005,50,5
uniform,SdWithRedundancy,0.523,108742247967,SdWithRedundancy_Selectivity10_03-samplingRate1.00pc.log,108777051218,3,1005,1,10
uniform,SdWithRedundancy,0.378,108742247967,SdWithRedundancy_Selectivity10_03-samplingRate2.00pc.log,108739647467,3,1005,2,10
uniform,SdWithRedundancy,0.227,108742247967,SdWithRedundancy_Selectivity10_03-samplingRate5.00pc.log,108742127961,3,1005,5,10
uniform,SdWithRedundancy,0.167,108742247967,SdWithRedundancy_Selectivity10_03-samplingRate10.0pc.log,108748181435,3,1005,10,10
uniform,SdWithRedundancy,0.105,108742247967,SdWithRedundancy_Selectivity10_03-samplingRate20.0pc.log,108741714124,3,1005,20,10
uniform,SdWithRedundancy,0.056,108742247967,SdWithRedundancy_Selectivity10_03-samplingRate50.0pc.log,108741935067,3,1005,50,10
uniform,SdWithRedundancy,0.538,108753483234,SdWithRedundancy_Selectivity20_03-samplingRate1.00pc.log,108770890230,3,1005,1,20
uniform,SdWithRedundancy,0.385,108753483234,SdWithRedundancy_Selectivity20_03-samplingRate2.00pc.log,108764819122,3,1005,2,20
uniform,SdWithRedundancy,0.236,108753483234,SdWithRedundancy_Selectivity20_03-samplingRate5.00pc.log,108764761066,3,1005,5,20
uniform,SdWithRedundancy,0.171,108753483234,SdWithRedundancy_Selectivity20_03-samplingRate10.0pc.log,108758295989,3,1005,10,20
uniform,SdWithRedundancy,0.107,108753483234,SdWithRedundancy_Selectivity20_03-samplingRate20.0pc.log,108751214178,3,1005,20,20
uniform,SdWithRedundancy,0.054,108753483234,SdWithRedundancy_Selectivity20_03-samplingRate50.0pc.log,108752393128,3,1005,50,20
uniform,SdWithRedundancy,0.540,108787736475,SdWithRedundancy_Selectivity50_03-samplingRate1.00pc.log,108773595669,3,1005,1,50
uniform,SdWithRedundancy,0.387,108787736475,SdWithRedundancy_Selectivity50_03-samplingRate2.00pc.log,108790856141,3,1005,2,50
uniform,SdWithRedundancy,0.239,108787736475,SdWithRedundancy_Selectivity50_03-samplingRate5.00pc.log,108771859957,3,1005,5,50
uniform,SdWithRedundancy,0.160,108787736475,SdWithRedundancy_Selectivity50_03-samplingRate10.0pc.log,108774750343,3,1005,10,50
uniform,SdWithRedundancy,0.110,108787736475,SdWithRedundancy_Selectivity50_03-samplingRate20.0pc.log,108783241969,3,1005,20,50
uniform,SdWithRedundancy,0.056,108787736475,SdWithRedundancy_Selectivity50_03-samplingRate50.0pc.log,108790428876,3,1005,50,50
uniform,SdWoRedundancy,1.077,108609017910,SdWoRedundancy_03-samplingRate1.00pc.log,108570795949,3,1005,1,-1
uniform,SdWoRedundancy,0.730,108609017910,SdWoRedundancy_03-samplingRate2.00pc.log,108650364303,3,1005,2,-1
uniform,SdWoRedundancy,0.471,108609017910,SdWoRedundancy_03-samplingRate5.00pc.log,108597789180,3,1005,5,-1
uniform,SdWoRedundancy,0.324,108609017910,SdWoRedundancy_03-samplingRate10.0pc.log,108610415296,3,1005,10,-1
uniform,SdWoRedundancy,0.208,108609017910,SdWoRedundancy_03-samplingRate20.0pc.log,108592318713,3,1005,20,-1
uniform,SdWoRedundancy,0.106,108609017910,SdWoRedundancy_03-samplingRate50.0pc.log,108617075677,3,1005,50,-1
uniform,SdWoRedundancy,1.366,42558390697,SdWoRedundancy_Selectivity01_03-samplingRate1.00pc.log,42555452350,3,1005,1,1
uniform,SdWoRedundancy,0.998,42558390697,SdWoRedundancy_Selectivity01_03-samplingRate2.00pc.log,42575181167,3,1005,2,1
uniform,SdWoRedundancy,0.603,42558390697,SdWoRedundancy_Selectivity01_03-samplingRate5.00pc.log,42540494062,3,1005,5,1
uniform,SdWoRedundancy,0.407,42558390697,SdWoRedundancy_Selectivity01_03-samplingRate10.0pc.log,42553362798,3,1005,10,1
uniform,SdWoRedundancy,0.267,42558390697,SdWoRedundancy_Selectivity01_03-samplingRate20.0pc.log,42560536567,3,1005,20,1
uniform,SdWoRedundancy,0.143,42558390697,SdWoRedundancy_Selectivity01_03-samplingRate50.0pc.log,42559317186,3,1005,50,1
uniform,SdWoRedundancy,1.129,86336968850,SdWoRedundancy_Selectivity02_03-samplingRate1.00pc.log,86359665600,3,1005,1,2
uniform,SdWoRedundancy,0.774,86336968850,SdWoRedundancy_Selectivity02_03-samplingRate2.00pc.log,86357327030,3,1005,2,2
uniform,SdWoRedundancy,0.482,86336968850,SdWoRedundancy_Selectivity02_03-samplingRate5.00pc.log,86347272163,3,1005,5,2
uniform,SdWoRedundancy,0.341,86336968850,SdWoRedundancy_Selectivity02_03-samplingRate10.0pc.log,86330576537,3,1005,10,2
uniform,SdWoRedundancy,0.234,86336968850,SdWoRedundancy_Selectivity02_03-samplingRate20.0pc.log,86347452874,3,1005,20,2
uniform,SdWoRedundancy,0.108,86336968850,SdWoRedundancy_Selectivity02_03-samplingRate50.0pc.log,86342151991,3,1005,50,2
uniform,SdWoRedundancy,1.110,108817825831,SdWoRedundancy_Selectivity05_03-samplingRate1.00pc.log,108846548534,3,1005,1,5
uniform,SdWoRedundancy,0.723,108817825831,SdWoRedundancy_Selectivity05_03-samplingRate2.00pc.log,108759656453,3,1005,2,5
uniform,SdWoRedundancy,0.451,108817825831,SdWoRedundancy_Selectivity05_03-samplingRate5.00pc.log,108844884625,3,1005,5,5
uniform,SdWoRedundancy,0.326,108817825831,SdWoRedundancy_Selectivity05_03-samplingRate10.0pc.log,108812614260,3,1005,10,5
uniform,SdWoRedundancy,0.220,108817825831,SdWoRedundancy_Selectivity05_03-samplingRate20.0pc.log,108820910452,3,1005,20,5
uniform,SdWoRedundancy,0.107,108817825831,SdWoRedundancy_Selectivity05_03-samplingRate50.0pc.log,108820447063,3,1005,50,5
uniform,SdWoRedundancy,1.035,108742247967,SdWoRedundancy_Selectivity10_03-samplingRate1.00pc.log,108770238787,3,1005,1,10
uniform,SdWoRedundancy,0.745,108742247967,SdWoRedundancy_Selectivity10_03-samplingRate2.00pc.log,108747201735,3,1005,2,10
uniform,SdWoRedundancy,0.464,108742247967,SdWoRedundancy_Selectivity10_03-samplingRate5.00pc.log,108752459921,3,1005,5,10
uniform,SdWoRedundancy,0.326,108742247967,SdWoRedundancy_Selectivity10_03-samplingRate10.0pc.log,108728959907,3,1005,10,10
uniform,SdWoRedundancy,0.211,108742247967,SdWoRedundancy_Selectivity10_03-samplingRate20.0pc.log,108759339415,3,1005,20,10
uniform,SdWoRedundancy,0.106,108742247967,SdWoRedundancy_Selectivity10_03-samplingRate50.0pc.log,108746637902,3,1005,50,10
uniform,SdWoRedundancy,1.082,108753483234,SdWoRedundancy_Selectivity20_03-samplingRate1.00pc.log,108827877247,3,1005,1,20
uniform,SdWoRedundancy,0.766,108753483234,SdWoRedundancy_Selectivity20_03-samplingRate2.00pc.log,108705691636,3,1005,2,20
uniform,SdWoRedundancy,0.484,108753483234,SdWoRedundancy_Selectivity20_03-samplingRate5.00pc.log,108773561392,3,1005,5,20
uniform,SdWoRedundancy,0.324,108753483234,SdWoRedundancy_Selectivity20_03-samplingRate10.0pc.log,108719247288,3,1005,10,20
uniform,SdWoRedundancy,0.224,108753483234,SdWoRedundancy_Selectivity20_03-samplingRate20.0pc.log,108752772448,3,1005,20,20
uniform,SdWoRedundancy,0.106,108753483234,SdWoRedundancy_Selectivity20_03-samplingRate50.0pc.log,108757697058,3,1005,50,20
uniform,SdWoRedundancy,1.021,108787736475,SdWoRedundancy_Selectivity50_03-samplingRate1.00pc.log,108730453449,3,1005,1,50
uniform,SdWoRedundancy,0.737,108787736475,SdWoRedundancy_Selectivity50_03-samplingRate2.00pc.log,108735405270,3,1005,2,50
uniform,SdWoRedundancy,0.453,108787736475,SdWoRedundancy_Selectivity50_03-samplingRate5.00pc.log,108767210097,3,1005,5,50
uniform,SdWoRedundancy,0.315,108787736475,SdWoRedundancy_Selectivity50_03-samplingRate10.0pc.log,108781340493,3,1005,10,50
uniform,SdWoRedundancy,0.214,108787736475,SdWoRedundancy_Selectivity50_03-samplingRate20.0pc.log,108788482846,3,1005,20,50
uniform,SdWoRedundancy,0.108,108787736475,SdWoRedundancy_Selectivity50_03-samplingRate50.0pc.log,108778520371,3,1005,50,50
uniform,WD,1.051,108609017910,WD_03-samplingRate1.00pc.log,108570636460,3,1005,1,-1
uniform,WD,0.750,108609017910,WD_03-samplingRate2.00pc.log,108583666345,3,1005,2,-1
uniform,WD,0.479,108609017910,WD_03-samplingRate5.00pc.log,108619096367,3,1005,5,-1
uniform,WD,0.305,108609017910,WD_03-samplingRate10.0pc.log,108604021161,3,1005,10,-1
uniform,WD,0.208,108609017910,WD_03-samplingRate20.0pc.log,108615030073,3,1005,20,-1
uniform,WD,0.107,108609017910,WD_03-samplingRate50.0pc.log,108608479760,3,1005,50,-1
uniform,WD,1.385,42558390697,WD_Selectivity01_03-samplingRate1.00pc.log,42546535396,3,1005,1,1
uniform,WD,0.990,42558390697,WD_Selectivity01_03-samplingRate2.00pc.log,42528256517,3,1005,2,1
uniform,WD,0.594,42558390697,WD_Selectivity01_03-samplingRate5.00pc.log,42564832939,3,1005,5,1
uniform,WD,0.413,42558390697,WD_Selectivity01_03-samplingRate10.0pc.log,42566518398,3,1005,10,1
uniform,WD,0.276,42558390697,WD_Selectivity01_03-samplingRate20.0pc.log,42556316059,3,1005,20,1
uniform,WD,0.141,42558390697,WD_Selectivity01_03-samplingRate50.0pc.log,42557500747,3,1005,50,1
uniform,WD,1.136,86336968850,WD_Selectivity02_03-samplingRate1.00pc.log,86291728130,3,1005,1,2
uniform,WD,0.762,86336968850,WD_Selectivity02_03-samplingRate2.00pc.log,86325746520,3,1005,2,2
uniform,WD,0.499,86336968850,WD_Selectivity02_03-samplingRate5.00pc.log,86349810635,3,1005,5,2
uniform,WD,0.340,86336968850,WD_Selectivity02_03-samplingRate10.0pc.log,86345461655,3,1005,10,2
uniform,WD,0.223,86336968850,WD_Selectivity02_03-samplingRate20.0pc.log,86330794110,3,1005,20,2
uniform,WD,0.117,86336968850,WD_Selectivity02_03-samplingRate50.0pc.log,86344695312,3,1005,50,2
uniform,WD,1.058,108817825831,WD_Selectivity05_03-samplingRate1.00pc.log,108944671827,3,1005,1,5
uniform,WD,0.750,108817825831,WD_Selectivity05_03-samplingRate2.00pc.log,108792850046,3,1005,2,5
uniform,WD,0.466,108817825831,WD_Selectivity05_03-samplingRate5.00pc.log,108801247954,3,1005,5,5
uniform,WD,0.321,108817825831,WD_Selectivity05_03-samplingRate10.0pc.log,108794289727,3,1005,10,5
uniform,WD,0.215,108817825831,WD_Selectivity05_03-samplingRate20.0pc.log,108813329944,3,1005,20,5
uniform,WD,0.109,108817825831,WD_Selectivity05_03-samplingRate50.0pc.log,108814370088,3,1005,50,5
uniform,WD,1.071,108742247967,WD_Selectivity10_03-samplingRate1.00pc.log,108785445110,3,1005,1,10
uniform,WD,0.735,108742247967,WD_Selectivity10_03-samplingRate2.00pc.log,108730655750,3,1005,2,10
uniform,WD,0.470,108742247967,WD_Selectivity10_03-samplingRate5.00pc.log,108782943475,3,1005,5,10
uniform,WD,0.326,108742247967,WD_Selectivity10_03-samplingRate10.0pc.log,108735123668,3,1005,10,10
uniform,WD,0.214,108742247967,WD_Selectivity10_03-samplingRate20.0pc.log,108733971645,3,1005,20,10
uniform,WD,0.103,108742247967,WD_Selectivity10_03-samplingRate50.0pc.log,108746757579,3,1005,50,10
uniform,WD,1.029,108753483234,WD_Selectivity20_03-samplingRate1.00pc.log,108808178038,3,1005,1,20
uniform,WD,0.730,108753483234,WD_Selectivity20_03-samplingRate2.00pc.log,108726829760,3,1005,2,20
uniform,WD,0.431,108753483234,WD_Selectivity20_03-samplingRate5.00pc.log,108761669038,3,1005,5,20
uniform,WD,0.303,108753483234,WD_Selectivity20_03-samplingRate10.0pc.log,108753066824,3,1005,10,20
uniform,WD,0.211,108753483234,WD_Selectivity20_03-samplingRate20.0pc.log,108739140300,3,1005,20,20
uniform,WD,0.108,108753483234,WD_Selectivity20_03-samplingRate50.0pc.log,108760180233,3,1005,50,20
uniform,WD,1.034,108787736475,WD_Selectivity50_03-samplingRate1.00pc.log,108785075297,3,1005,1,50
uniform,WD,0.747,108787736475,WD_Selectivity50_03-samplingRate2.00pc.log,108777428300,3,1005,2,50
uniform,WD,0.455,108787736475,WD_Selectivity50_03-samplingRate5.00pc.log,108802921624,3,1005,5,50
uniform,WD,0.332,108787736475,WD_Selectivity50_03-samplingRate10.0pc.log,108793541071,3,1005,10,50
uniform,WD,0.208,108787736475,WD_Selectivity50_03-samplingRate20.0pc.log,108787489048,3,1005,20,50
uniform,WD,0.101,108787736475,WD_Selectivity50_03-samplingRate50.0pc.log,108786461527,3,1005,50,50
uniform,SdWithRedundancy,0.276,12330426888,SdWithRedundancy_06-samplingRate1.00pc.log,12330505632,6,1005,1,-1
uniform,SdWithRedundancy,0.194,12330426888,SdWithRedundancy_06-samplingRate2.00pc.log,12331290557,6,1005,2,-1
uniform,SdWithRedundancy,0.119,12330426888,SdWithRedundancy_06-samplingRate5.00pc.log,12330830301,6,1005,5,-1
uniform,SdWithRedundancy,0.085,12330426888,SdWithRedundancy_06-samplingRate10.0pc.log,12330464218,6,1005,10,-1
uniform,SdWithRedundancy,0.058,12330426888,SdWithRedundancy_06-samplingRate20.0pc.log,12329872790,6,1005,20,-1
uniform,SdWithRedundancy,0.028,12330426888,SdWithRedundancy_06-samplingRate50.0pc.log,12330496803,6,1005,50,-1
uniform,SdWithRedundancy,0.433,11241397414,SdWithRedundancy_Selectivity01_06-samplingRate1.00pc.log,11244437946,6,1005,1,1
uniform,SdWithRedundancy,0.313,11241397414,SdWithRedundancy_Selectivity01_06-samplingRate2.00pc.log,11241196733,6,1005,2,1
uniform,SdWithRedundancy,0.205,11241397414,SdWithRedundancy_Selectivity01_06-samplingRate5.00pc.log,11242683028,6,1005,5,1
uniform,SdWithRedundancy,0.137,11241397414,SdWithRedundancy_Selectivity01_06-samplingRate10.0pc.log,11241301443,6,1005,10,1
uniform,SdWithRedundancy,0.092,11241397414,SdWithRedundancy_Selectivity01_06-samplingRate20.0pc.log,11241031405,6,1005,20,1
uniform,SdWithRedundancy,0.045,11241397414,SdWithRedundancy_Selectivity01_06-samplingRate50.0pc.log,11241720218,6,1005,50,1
uniform,SdWithRedundancy,0.321,22779043496,SdWithRedundancy_Selectivity02_06-samplingRate1.00pc.log,22781842367,6,1005,1,2
uniform,SdWithRedundancy,0.212,22779043496,SdWithRedundancy_Selectivity02_06-samplingRate2.00pc.log,22777096707,6,1005,2,2
uniform,SdWithRedundancy,0.138,22779043496,SdWithRedundancy_Selectivity02_06-samplingRate5.00pc.log,22777876904,6,1005,5,2
uniform,SdWithRedundancy,0.095,22779043496,SdWithRedundancy_Selectivity02_06-samplingRate10.0pc.log,22777430957,6,1005,10,2
uniform,SdWithRedundancy,0.065,22779043496,SdWithRedundancy_Selectivity02_06-samplingRate20.0pc.log,22779102216,6,1005,20,2
uniform,SdWithRedundancy,0.031,22779043496,SdWithRedundancy_Selectivity02_06-samplingRate50.0pc.log,22779203914,6,1005,50,2
uniform,SdWithRedundancy,0.192,57217693829,SdWithRedundancy_Selectivity05_06-samplingRate1.00pc.log,57216830004,6,1005,1,5
uniform,SdWithRedundancy,0.141,57217693829,SdWithRedundancy_Selectivity05_06-samplingRate2.00pc.log,57213753798,6,1005,2,5
uniform,SdWithRedundancy,0.084,57217693829,SdWithRedundancy_Selectivity05_06-samplingRate5.00pc.log,57220368371,6,1005,5,5
uniform,SdWithRedundancy,0.058,57217693829,SdWithRedundancy_Selectivity05_06-samplingRate10.0pc.log,57218207269,6,1005,10,5
uniform,SdWithRedundancy,0.040,57217693829,SdWithRedundancy_Selectivity05_06-samplingRate20.0pc.log,57218677922,6,1005,20,5
uniform,SdWithRedundancy,0.019,57217693829,SdWithRedundancy_Selectivity05_06-samplingRate50.0pc.log,57217171204,6,1005,50,5
uniform,SdWithRedundancy,0.138,114894337070,SdWithRedundancy_Selectivity10_06-samplingRate1.00pc.log,114898598933,6,1005,1,10
uniform,SdWithRedundancy,0.094,114894337070,SdWithRedundancy_Selectivity10_06-samplingRate2.00pc.log,114894852008,6,1005,2,10
uniform,SdWithRedundancy,0.064,114894337070,SdWithRedundancy_Selectivity10_06-samplingRate5.00pc.log,114899477370,6,1005,5,10
uniform,SdWithRedundancy,0.042,114894337070,SdWithRedundancy_Selectivity10_06-samplingRate10.0pc.log,114895354446,6,1005,10,10
uniform,SdWithRedundancy,0.028,114894337070,SdWithRedundancy_Selectivity10_06-samplingRate20.0pc.log,114892618286,6,1005,20,10
uniform,SdWithRedundancy,0.014,114894337070,SdWithRedundancy_Selectivity10_06-samplingRate50.0pc.log,114895015811,6,1005,50,10
uniform,SdWithRedundancy,0.098,230321539071,SdWithRedundancy_Selectivity20_06-samplingRate1.00pc.log,230327014299,6,1005,1,20
uniform,SdWithRedundancy,0.067,230321539071,SdWithRedundancy_Selectivity20_06-samplingRate2.00pc.log,230333642082,6,1005,2,20
uniform,SdWithRedundancy,0.041,230321539071,SdWithRedundancy_Selectivity20_06-samplingRate5.00pc.log,230314898098,6,1005,5,20
uniform,SdWithRedundancy,0.029,230321539071,SdWithRedundancy_Selectivity20_06-samplingRate10.0pc.log,230319997715,6,1005,10,20
uniform,SdWithRedundancy,0.020,230321539071,SdWithRedundancy_Selectivity20_06-samplingRate20.0pc.log,230322476424,6,1005,20,20
uniform,SdWithRedundancy,0.009,230321539071,SdWithRedundancy_Selectivity20_06-samplingRate50.0pc.log,230320115622,6,1005,50,20
uniform,SdWithRedundancy,0.057,573991452330,SdWithRedundancy_Selectivity50_06-samplingRate1.00pc.log,573973952026,6,1005,1,50
uniform,SdWithRedundancy,0.038,573991452330,SdWithRedundancy_Selectivity50_06-samplingRate2.00pc.log,573994172493,6,1005,2,50
uniform,SdWithRedundancy,0.024,573991452330,SdWithRedundancy_Selectivity50_06-samplingRate5.00pc.log,573990946610,6,1005,5,50
uniform,SdWithRedundancy,0.016,573991452330,SdWithRedundancy_Selectivity50_06-samplingRate10.0pc.log,573988556731,6,1005,10,50
uniform,SdWithRedundancy,0.011,573991452330,SdWithRedundancy_Selectivity50_06-samplingRate20.0pc.log,573995284112,6,1005,20,50
uniform,SdWithRedundancy,0.006,573991452330,SdWithRedundancy_Selectivity50_06-samplingRate50.0pc.log,573991475103,6,1005,50,50
uniform,SdWoRedundancy,0.355,12330426888,SdWoRedundancy_06-samplingRate1.00pc.log,12331288096,6,1005,1,-1
uniform,SdWoRedundancy,0.238,12330426888,SdWoRedundancy_06-samplingRate2.00pc.log,12331140148,6,1005,2,-1
uniform,SdWoRedundancy,0.153,12330426888,SdWoRedundancy_06-samplingRate5.00pc.log,12329249742,6,1005,5,-1
uniform,SdWoRedundancy,0.111,12330426888,SdWoRedundancy_06-samplingRate10.0pc.log,12330006624,6,1005,10,-1
uniform,SdWoRedundancy,0.073,12330426888,SdWoRedundancy_06-samplingRate20.0pc.log,12330547193,6,1005,20,-1
uniform,SdWoRedundancy,0.036,12330426888,SdWoRedundancy_06-samplingRate50.0pc.log,12330517164,6,1005,50,-1
uniform,SdWoRedundancy,0.613,11241397414,SdWoRedundancy_Selectivity01_06-samplingRate1.00pc.log,11242384554,6,1005,1,1
uniform,SdWoRedundancy,0.464,11241397414,SdWoRedundancy_Selectivity01_06-samplingRate2.00pc.log,11243293095,6,1005,2,1
uniform,SdWoRedundancy,0.280,11241397414,SdWoRedundancy_Selectivity01_06-samplingRate5.00pc.log,11242863869,6,1005,5,1
uniform,SdWoRedundancy,0.188,11241397414,SdWoRedundancy_Selectivity01_06-samplingRate10.0pc.log,11241923701,6,1005,10,1
uniform,SdWoRedundancy,0.131,11241397414,SdWoRedundancy_Selectivity01_06-samplingRate20.0pc.log,11241433111,6,1005,20,1
uniform,SdWoRedundancy,0.062,11241397414,SdWoRedundancy_Selectivity01_06-samplingRate50.0pc.log,11241153559,6,1005,50,1
uniform,SdWoRedundancy,0.503,22779043496,SdWoRedundancy_Selectivity02_06-samplingRate1.00pc.log,22782918134,6,1005,1,2
uniform,SdWoRedundancy,0.335,22779043496,SdWoRedundancy_Selectivity02_06-samplingRate2.00pc.log,22776008358,6,1005,2,2
uniform,SdWoRedundancy,0.206,22779043496,SdWoRedundancy_Selectivity02_06-samplingRate5.00pc.log,22778220771,6,1005,5,2
uniform,SdWoRedundancy,0.148,22779043496,SdWoRedundancy_Selectivity02_06-samplingRate10.0pc.log,22776784751,6,1005,10,2
uniform,SdWoRedundancy,0.104,22779043496,SdWoRedundancy_Selectivity02_06-samplingRate20.0pc.log,22777112298,6,1005,20,2
uniform,SdWoRedundancy,0.049,22779043496,SdWoRedundancy_Selectivity02_06-samplingRate50.0pc.log,22779237666,6,1005,50,2
uniform,SdWoRedundancy,0.363,57217693829,SdWoRedundancy_Selectivity05_06-samplingRate1.00pc.log,57205177647,6,1005,1,5
uniform,SdWoRedundancy,0.264,57217693829,SdWoRedundancy_Selectivity05_06-samplingRate2.00pc.log,57202737013,6,1005,2,5
uniform,SdWoRedundancy,0.163,57217693829,SdWoRedundancy_Selectivity05_06-samplingRate5.00pc.log,57221425795,6,1005,5,5
uniform,SdWoRedundancy,0.109,57217693829,SdWoRedundancy_Selectivity05_06-samplingRate10.0pc.log,57216009157,6,1005,10,5
uniform,SdWoRedundancy,0.073,57217693829,SdWoRedundancy_Selectivity05_06-samplingRate20.0pc.log,57216917963,6,1005,20,5
uniform,SdWoRedundancy,0.037,57217693829,SdWoRedundancy_Selectivity05_06-samplingRate50.0pc.log,57216640558,6,1005,50,5
uniform,SdWoRedundancy,0.284,114894337070,SdWoRedundancy_Selectivity10_06-samplingRate1.00pc.log,114891562943,6,1005,1,10
uniform,SdWoRedundancy,0.210,114894337070,SdWoRedundancy_Selectivity10_06-samplingRate2.00pc.log,114890647504,6,1005,2,10
uniform,SdWoRedundancy,0.130,114894337070,SdWoRedundancy_Selectivity10_06-samplingRate5.00pc.log,114885459617,6,1005,5,10
uniform,SdWoRedundancy,0.086,114894337070,SdWoRedundancy_Selectivity10_06-samplingRate10.0pc.log,114899454665,6,1005,10,10
uniform,SdWoRedundancy,0.060,114894337070,SdWoRedundancy_Selectivity10_06-samplingRate20.0pc.log,114890873997,6,1005,20,10
uniform,SdWoRedundancy,0.030,114894337070,SdWoRedundancy_Selectivity10_06-samplingRate50.0pc.log,114895108476,6,1005,50,10
uniform,SdWoRedundancy,0.243,230321539071,SdWoRedundancy_Selectivity20_06-samplingRate1.00pc.log,230347511708,6,1005,1,20
uniform,SdWoRedundancy,0.159,230321539071,SdWoRedundancy_Selectivity20_06-samplingRate2.00pc.log,230327758621,6,1005,2,20
uniform,SdWoRedundancy,0.103,230321539071,SdWoRedundancy_Selectivity20_06-samplingRate5.00pc.log,230319869781,6,1005,5,20
uniform,SdWoRedundancy,0.072,230321539071,SdWoRedundancy_Selectivity20_06-samplingRate10.0pc.log,230329794563,6,1005,10,20
uniform,SdWoRedundancy,0.047,230321539071,SdWoRedundancy_Selectivity20_06-samplingRate20.0pc.log,230312881833,6,1005,20,20
uniform,SdWoRedundancy,0.023,230321539071,SdWoRedundancy_Selectivity20_06-samplingRate50.0pc.log,230321928459,6,1005,50,20
uniform,SdWoRedundancy,0.196,573991452330,SdWoRedundancy_Selectivity50_06-samplingRate1.00pc.log,573961766816,6,1005,1,50
uniform,SdWoRedundancy,0.145,573991452330,SdWoRedundancy_Selectivity50_06-samplingRate2.00pc.log,573942745879,6,1005,2,50
uniform,SdWoRedundancy,0.087,573991452330,SdWoRedundancy_Selectivity50_06-samplingRate5.00pc.log,574001019658,6,1005,5,50
uniform,SdWoRedundancy,0.061,573991452330,SdWoRedundancy_Selectivity50_06-samplingRate10.0pc.log,573995151314,6,1005,10,50
uniform,SdWoRedundancy,0.041,573991452330,SdWoRedundancy_Selectivity50_06-samplingRate20.0pc.log,573984657292,6,1005,20,50
uniform,SdWoRedundancy,0.020,573991452330,SdWoRedundancy_Selectivity50_06-samplingRate50.0pc.log,573991319741,6,1005,50,50
uniform,WD,0.266,12330426888,WD_06-samplingRate1.00pc.log,12331270634,6,1005,1,-1
uniform,WD,0.191,12330426888,WD_06-samplingRate2.00pc.log,12330329766,6,1005,2,-1
uniform,WD,0.119,12330426888,WD_06-samplingRate5.00pc.log,12330540873,6,1005,5,-1
uniform,WD,0.082,12330426888,WD_06-samplingRate10.0pc.log,12330888432,6,1005,10,-1
uniform,WD,0.054,12330426888,WD_06-samplingRate20.0pc.log,12330132841,6,1005,20,-1
uniform,WD,0.027,12330426888,WD_06-samplingRate50.0pc.log,12330548369,6,1005,50,-1
uniform,WD,0.449,11241397414,WD_Selectivity01_06-samplingRate1.00pc.log,11241503400,6,1005,1,1
uniform,WD,0.320,11241397414,WD_Selectivity01_06-samplingRate2.00pc.log,11244177146,6,1005,2,1
uniform,WD,0.206,11241397414,WD_Selectivity01_06-samplingRate5.00pc.log,11241263159,6,1005,5,1
uniform,WD,0.135,11241397414,WD_Selectivity01_06-samplingRate10.0pc.log,11241683778,6,1005,10,1
uniform,WD,0.088,11241397414,WD_Selectivity01_06-samplingRate20.0pc.log,11240879271,6,1005,20,1
uniform,WD,0.045,11241397414,WD_Selectivity01_06-samplingRate50.0pc.log,11241241190,6,1005,50,1
uniform,WD,0.321,22779043496,WD_Selectivity02_06-samplingRate1.00pc.log,22778381538,6,1005,1,2
uniform,WD,0.210,22779043496,WD_Selectivity02_06-samplingRate2.00pc.log,22778576813,6,1005,2,2
uniform,WD,0.140,22779043496,WD_Selectivity02_06-samplingRate5.00pc.log,22779357417,6,1005,5,2
uniform,WD,0.098,22779043496,WD_Selectivity02_06-samplingRate10.0pc.log,22778206803,6,1005,10,2
uniform,WD,0.066,22779043496,WD_Selectivity02_06-samplingRate20.0pc.log,22779293856,6,1005,20,2
uniform,WD,0.033,22779043496,WD_Selectivity02_06-samplingRate50.0pc.log,22778693703,6,1005,50,2
uniform,WD,0.208,57217693829,WD_Selectivity05_06-samplingRate1.00pc.log,57222368535,6,1005,1,5
uniform,WD,0.142,57217693829,WD_Selectivity05_06-samplingRate2.00pc.log,57220291309,6,1005,2,5
uniform,WD,0.089,57217693829,WD_Selectivity05_06-samplingRate5.00pc.log,57216135665,6,1005,5,5
uniform,WD,0.060,57217693829,WD_Selectivity05_06-samplingRate10.0pc.log,57219942852,6,1005,10,5
uniform,WD,0.040,57217693829,WD_Selectivity05_06-samplingRate20.0pc.log,57218346224,6,1005,20,5
uniform,WD,0.021,57217693829,WD_Selectivity05_06-samplingRate50.0pc.log,57217339242,6,1005,50,5
uniform,WD,0.140,114894337070,WD_Selectivity10_06-samplingRate1.00pc.log,114888256182,6,1005,1,10
uniform,WD,0.103,114894337070,WD_Selectivity10_06-samplingRate2.00pc.log,114894059971,6,1005,2,10
uniform,WD,0.063,114894337070,WD_Selectivity10_06-samplingRate5.00pc.log,114890121980,6,1005,5,10
uniform,WD,0.044,114894337070,WD_Selectivity10_06-samplingRate10.0pc.log,114894678174,6,1005,10,10
uniform,WD,0.029,114894337070,WD_Selectivity10_06-samplingRate20.0pc.log,114892124600,6,1005,20,10
uniform,WD,0.014,114894337070,WD_Selectivity10_06-samplingRate50.0pc.log,114895368954,6,1005,50,10
uniform,WD,0.100,230321539071,WD_Selectivity20_06-samplingRate1.00pc.log,230325636349,6,1005,1,20
uniform,WD,0.072,230321539071,WD_Selectivity20_06-samplingRate2.00pc.log,230329628655,6,1005,2,20
uniform,WD,0.045,230321539071,WD_Selectivity20_06-samplingRate5.00pc.log,230324929038,6,1005,5,20
uniform,WD,0.030,230321539071,WD_Selectivity20_06-samplingRate10.0pc.log,230324382855,6,1005,10,20
uniform,WD,0.021,230321539071,WD_Selectivity20_06-samplingRate20.0pc.log,230322899501,6,1005,20,20
uniform,WD,0.010,230321539071,WD_Selectivity20_06-samplingRate50.0pc.log,230322580574,6,1005,50,20
uniform,WD,0.067,573991452330,WD_Selectivity50_06-samplingRate1.00pc.log,573986028856,6,1005,1,50
uniform,WD,0.049,573991452330,WD_Selectivity50_06-samplingRate2.00pc.log,574018336801,6,1005,2,50
uniform,WD,0.030,573991452330,WD_Selectivity50_06-samplingRate5.00pc.log,573992595822,6,1005,5,50
uniform,WD,0.021,573991452330,WD_Selectivity50_06-samplingRate10.0pc.log,573986099627,6,1005,10,50
uniform,WD,0.014,573991452330,WD_Selectivity50_06-samplingRate20.0pc.log,573991169788,6,1005,20,50
uniform,WD,0.007,573991452330,WD_Selectivity50_06-samplingRate50.0pc.log,573990949972,6,1005,50,50
uniform,SdWithRedundancy,0.176,768894771701,SdWithRedundancy_09-samplingRate1.00pc.log,768978226937,9,1005,1,-1
uniform,SdWithRedundancy,0.119,768894771701,SdWithRedundancy_09-samplingRate2.00pc.log,768880875061,9,1005,2,-1
uniform,SdWithRedundancy,0.075,768894771701,SdWithRedundancy_09-samplingRate5.00pc.log,768876139438,9,1005,5,-1
uniform,SdWithRedundancy,0.052,768894771701,SdWithRedundancy_09-samplingRate10.0pc.log,768897979920,9,1005,10,-1
uniform,SdWithRedundancy,0.033,768894771701,SdWithRedundancy_09-samplingRate20.0pc.log,768894152831,9,1005,20,-1
uniform,SdWithRedundancy,0.017,768894771701,SdWithRedundancy_09-samplingRate50.0pc.log,768901453339,9,1005,50,-1
uniform,SdWoRedundancy,1.961,768894771701,SdWoRedundancy_09-samplingRate1.00pc.log,769627587978,9,1005,1,-1
uniform,SdWoRedundancy,1.035,768894771701,SdWoRedundancy_09-samplingRate2.00pc.log,768886816073,9,1005,2,-1
uniform,SdWoRedundancy,0.483,768894771701,SdWoRedundancy_09-samplingRate5.00pc.log,768989593619,9,1005,5,-1
uniform,SdWoRedundancy,0.282,768894771701,SdWoRedundancy_09-samplingRate10.0pc.log,768823331955,9,1005,10,-1
uniform,SdWoRedundancy,0.174,768894771701,SdWoRedundancy_09-samplingRate20.0pc.log,768860138108,9,1005,20,-1
uniform,SdWoRedundancy,0.090,768894771701,SdWoRedundancy_09-samplingRate50.0pc.log,768856902816,9,1005,50,-1
uniform,WD,0.815,768894771701,WD_09-samplingRate1.00pc.log,768705306114,9,1005,1,-1
uniform,WD,0.558,768894771701,WD_09-samplingRate2.00pc.log,769192997471,9,1005,2,-1
uniform,WD,0.334,768894771701,WD_09-samplingRate5.00pc.log,768913571848,9,1005,5,-1
uniform,WD,0.240,768894771701,WD_09-samplingRate10.0pc.log,768811459660,9,1005,10,-1
uniform,WD,0.161,768894771701,WD_09-samplingRate20.0pc.log,768942213001,9,1005,20,-1
uniform,WD,0.079,768894771701,WD_09-samplingRate50.0pc.log,768878131195,9,1005,50,-1
uniform,WD,6.409,32087018,WD_17-samplingRate1.00pc.log,32089953,17,1005,1,-1
uniform,WD,4.541,32087018,WD_17-samplingRate2.00pc.log,32070796,17,1005,2,-1
uniform,WD,2.896,32087018,WD_17-samplingRate5.00pc.log,32058914,17,1005,5,-1
uniform,WD,1.953,32087018,WD_17-samplingRate10.0pc.log,32050059,17,1005,10,-1
uniform,WD,1.272,32087018,WD_17-samplingRate20.0pc.log,32088841,17,1005,20,-1
uniform,WD,0.658,32087018,WD_17-samplingRate50.0pc.log,32089991,17,1005,50,-1
uniform,SdWithRedundancy,8.572,298937728,SdWithRedundancy_19-samplingRate1.00pc.log,297740373,19,1005,1,-1
uniform,SdWithRedundancy,5.698,298937728,SdWithRedundancy_19-samplingRate2.00pc.log,298113335,19,1005,2,-1
uniform,SdWithRedundancy,3.661,298937728,SdWithRedundancy_19-samplingRate5.00pc.log,298719908,19,1005,5,-1
uniform,SdWithRedundancy,2.423,298937728,SdWithRedundancy_19-samplingRate10.0pc.log,299368722,19,1005,10,-1
uniform,SdWithRedundancy,1.671,298937728,SdWithRedundancy_19-samplingRate20.0pc.log,299377951,19,1005,20,-1
uniform,SdWithRedundancy,0.874,298937728,SdWithRedundancy_19-samplingRate50.0pc.log,298793595,19,1005,50,-1
uniform,SdWoRedundancy,77.761,298937728,SdWoRedundancy_19-samplingRate1.00pc.log,450688883,19,692,1,-1
uniform,SdWoRedundancy,40.834,298937728,SdWoRedundancy_19-samplingRate2.00pc.log,304010220,19,991,2,-1
uniform,SdWoRedundancy,16.715,298937728,SdWoRedundancy_19-samplingRate5.00pc.log,295628688,19,1005,5,-1
uniform,SdWoRedundancy,8.172,298937728,SdWoRedundancy_19-samplingRate10.0pc.log,299896225,19,1005,10,-1
uniform,SdWoRedundancy,4.033,298937728,SdWoRedundancy_19-samplingRate20.0pc.log,299799251,19,1005,20,-1
uniform,SdWoRedundancy,1.463,298937728,SdWoRedundancy_19-samplingRate50.0pc.log,298769457,19,1005,50,-1
uniform,WD,8.543,298937728,WD_19-samplingRate1.00pc.log,299511083,19,1005,1,-1
uniform,WD,6.086,298937728,WD_19-samplingRate2.00pc.log,298580351,19,1005,2,-1
uniform,WD,3.757,298937728,WD_19-samplingRate5.00pc.log,299419454,19,1005,5,-1
uniform,WD,2.560,298937728,WD_19-samplingRate10.0pc.log,299019705,19,1005,10,-1
uniform,WD,1.715,298937728,WD_19-samplingRate20.0pc.log,299152778,19,1005,20,-1
uniform,WD,0.869,298937728,WD_19-samplingRate50.0pc.log,298917294,19,1005,50,-1
